territoryId	name	type	municipalityCode	parentDistrictId	geometryStatus
CG_DIST_SEDE	Distrito Sede	DISTRICT	3301009		AVAILABLE
CG_DIST_DORES_DE_MACABU	Dores de Macabu	DISTRICT	3301009		AVAILABLE
CG_DIST_IBITIOCA	Ibitioca	DISTRICT	3301009		AVAILABLE
CG_DIST_MORANGABA	Morangaba	DISTRICT	3301009		AVAILABLE
CG_DIST_MORRO_DO_COCO	Morro do Coco	DISTRICT	3301009		AVAILABLE
CG_DIST_MUSSUREPE	Mussurepe	DISTRICT	3301009		AVAILABLE
CG_DIST_SANTA_MARIA	Santa Maria	DISTRICT	3301009		AVAILABLE
CG_DIST_SANTO_AMARO	Santo Amaro	DISTRICT	3301009		AVAILABLE
CG_DIST_SANTO_EDUARDO	Santo Eduardo	DISTRICT	3301009		AVAILABLE
CG_DIST_SAO_SEBASTIAO	São Sebastião	DISTRICT	3301009		AVAILABLE
CG_DIST_SERRINHA	Serrinha	DISTRICT	3301009		AVAILABLE
CG_DIST_TOCOS	Tócos	DISTRICT	3301009		AVAILABLE
CG_DIST_TRAVESSAO	Travessão	DISTRICT	3301009		AVAILABLE
CG_DIST_VILA_NOVA	Vila Nova	DISTRICT	3301009		AVAILABLE
CG_LOC_SEDE_CENTRO	Centro	NEIGHBORHOOD_OR_LOCALITY	3301009	CG_DIST_SEDE	POLYGON_OFFICIAL
CG_LOC_SEDE_PARQUE_AVENIDA_PELINCA	Parque Avenida Pelinca	NEIGHBORHOOD_OR_LOCALITY	3301009	CG_DIST_SEDE	POLYGON_OFFICIAL
CG_LOC_SEDE_PARQUE_CONSELHEIRO_TOMAZ_COELHO	Parque Conselheiro Tomaz Coelho	NEIGHBORHOOD_OR_LOCALITY	3301009	CG_DIST_SEDE	POLYGON_OFFICIAL
CG_LOC_SEDE_PARQUE_DOM_BOSCO	Parque Dom Bosco	NEIGHBORHOOD_OR_LOCALITY	3301009	CG_DIST_SEDE	POLYGON_OFFICIAL
CG_LOC_SEDE_PARQUE_TAMANDARE	Parque Tamandaré	NEIGHBORHOOD_OR_LOCALITY	3301009	CG_DIST_SEDE	POLYGON_OFFICIAL
CG_LOC_SEDE_PARQUE_SANTO_AMARO	Parque Santo Amaro	NEIGHBORHOOD_OR_LOCALITY	3301009	CG_DIST_SEDE	POLYGON_OFFICIAL
CG_LOC_SEDE_PARQUE_SAO_CAETANO	Parque São Caetano	NEIGHBORHOOD_OR_LOCALITY	3301009	CG_DIST_SEDE	POLYGON_OFFICIAL
CG_LOC_SEDE_PARQUE_PRESIDENTE_JUSCELINO	Parque Presidente Juscelino	NEIGHBORHOOD_OR_LOCALITY	3301009	CG_DIST_SEDE	POLYGON_OFFICIAL
CG_LOC_SEDE_JARDIM_MARIA_DE_QUEIROZ	Jardim Maria de Queiroz	NEIGHBORHOOD_OR_LOCALITY	3301009	CG_DIST_SEDE	POLYGON_OFFICIAL
CG_LOC_SEDE_CAJU	Caju	NEIGHBORHOOD_OR_LOCALITY	3301009	CG_DIST_SEDE	POLYGON_OFFICIAL
CG_LOC_SEDE_PARQUE_ALBERTO_TORRES	Parque Alberto Torres	NEIGHBORHOOD_OR_LOCALITY	3301009	CG_DIST_SEDE	POLYGON_OFFICIAL
CG_LOC_SEDE_PARQUE_NOSSA_SENHORA_DO_ROSARIO	Parque Nossa Senhora do Rosário	NEIGHBORHOOD_OR_LOCALITY	3301009	CG_DIST_SEDE	POLYGON_OFFICIAL
CG_LOC_SEDE_PARQUE_LEOPOLDINA	Parque Leopoldina	NEIGHBORHOOD_OR_LOCALITY	3301009	CG_DIST_SEDE	POLYGON_OFFICIAL
CG_LOC_SEDE_PARQUE_SAO_SALVADOR	Parque São Salvador	NEIGHBORHOOD_OR_LOCALITY	3301009	CG_DIST_SEDE	POLYGON_OFFICIAL
CG_LOC_SEDE_PARQUE_SAO_CLEMENTE	Parque São Clemente	NEIGHBORHOOD_OR_LOCALITY	3301009	CG_DIST_SEDE	POLYGON_OFFICIAL
CG_LOC_SEDE_PARQUE_PECUARIA	Parque Pecuária	NEIGHBORHOOD_OR_LOCALITY	3301009	CG_DIST_SEDE	POLYGON_OFFICIAL
CG_LOC_SEDE_PARQUE_QUINZE_DE_NOVEMBRO	Parque Quinze de Novembro	NEIGHBORHOOD_OR_LOCALITY	3301009	CG_DIST_SEDE	POLYGON_OFFICIAL
CG_LOC_SEDE_PARQUE_CORRIENTES	Parque Corrientes	NEIGHBORHOOD_OR_LOCALITY	3301009	CG_DIST_SEDE	POLYGON_OFFICIAL
CG_LOC_SEDE_PARQUE_NOVA_BRASILIA	Parque Nova Brasília	NEIGHBORHOOD_OR_LOCALITY	3301009	CG_DIST_SEDE	POLYGON_OFFICIAL
CG_LOC_SEDE_PARQUE_ESPLANADA	Parque Esplanada	NEIGHBORHOOD_OR_LOCALITY	3301009	CG_DIST_SEDE	POLYGON_OFFICIAL
CG_LOC_SEDE_PARQUE_JULIAO_NOGUEIRA	Parque Julião Nogueira	NEIGHBORHOOD_OR_LOCALITY	3301009	CG_DIST_SEDE	POLYGON_OFFICIAL
CG_LOC_SEDE_PARQUE_DOS_RODOVIARIOS	Parque dos Rodoviários	NEIGHBORHOOD_OR_LOCALITY	3301009	CG_DIST_SEDE	POLYGON_OFFICIAL
CG_LOC_SEDE_PARQUE_JOAO_SEIXAS	Parque João Seixas	NEIGHBORHOOD_OR_LOCALITY	3301009	CG_DIST_SEDE	POLYGON_OFFICIAL
CG_LOC_SEDE_PARQUE_ROSARIO	Parque Rosário	NEIGHBORHOOD_OR_LOCALITY	3301009	CG_DIST_SEDE	POLYGON_OFFICIAL
CG_LOC_SEDE_PARQUE_AURORA	Parque Aurora	NEIGHBORHOOD_OR_LOCALITY	3301009	CG_DIST_SEDE	POLYGON_OFFICIAL
CG_LOC_SEDE_PARQUE_SAO_LINO	Parque São Lino	NEIGHBORHOOD_OR_LOCALITY	3301009	CG_DIST_SEDE	POLYGON_OFFICIAL
CG_LOC_SEDE_PARQUE_RUI_BARBOSA	Parque Rui Barbosa	NEIGHBORHOOD_OR_LOCALITY	3301009	CG_DIST_SEDE	POLYGON_OFFICIAL
CG_LOC_SEDE_PARQUE_FAZENDINHA	Parque Fazendinha	NEIGHBORHOOD_OR_LOCALITY	3301009	CG_DIST_SEDE	POLYGON_OFFICIAL
CG_LOC_SEDE_PARQUE_JOAO_MARIA	Parque João Maria	NEIGHBORHOOD_OR_LOCALITY	3301009	CG_DIST_SEDE	POLYGON_OFFICIAL
CG_LOC_SEDE_IPS	IPS	NEIGHBORHOOD_OR_LOCALITY	3301009	CG_DIST_SEDE	POLYGON_OFFICIAL
CG_LOC_SEDE_PARQUE_SAO_BENEDITO	Parque São Benedito	NEIGHBORHOOD_OR_LOCALITY	3301009	CG_DIST_SEDE	POLYGON_OFFICIAL
CG_LOC_SEDE_PARQUE_FAZENDA_GRANDE	Parque Fazenda Grande	NEIGHBORHOOD_OR_LOCALITY	3301009	CG_DIST_SEDE	POLYGON_OFFICIAL
CG_LOC_SEDE_PARQUE_TARCISIO_MIRANDA	Parque Tarcísio Miranda	NEIGHBORHOOD_OR_LOCALITY	3301009	CG_DIST_SEDE	POLYGON_OFFICIAL
CG_LOC_SEDE_LAPA	Lapa	NEIGHBORHOOD_OR_LOCALITY	3301009	CG_DIST_SEDE	POLYGON_OFFICIAL
CG_LOC_SEDE_PARQUE_OLIVEIRA_BOTELHO	Parque Oliveira Botelho	NEIGHBORHOOD_OR_LOCALITY	3301009	CG_DIST_SEDE	POLYGON_OFFICIAL
CG_LOC_SEDE_PARQUE_RIACHUELO	Parque Riachuelo	NEIGHBORHOOD_OR_LOCALITY	3301009	CG_DIST_SEDE	POLYGON_OFFICIAL
CG_LOC_SEDE_PARQUE_CALIFORNIA	Parque Califórnia	NEIGHBORHOOD_OR_LOCALITY	3301009	CG_DIST_SEDE	POLYGON_OFFICIAL
CG_LOC_SEDE_PARQUE_SALO_BRAND	Parque Salo Brand	NEIGHBORHOOD_OR_LOCALITY	3301009	CG_DIST_SEDE	POLYGON_OFFICIAL
CG_LOC_SEDE_HORTO	Horto	NEIGHBORHOOD_OR_LOCALITY	3301009	CG_DIST_SEDE	POLYGON_OFFICIAL
CG_LOC_SEDE_CHACARA_JOAO_FERREIRA	Chácara João Ferreira	NEIGHBORHOOD_OR_LOCALITY	3301009	CG_DIST_SEDE	POLYGON_OFFICIAL
CG_LOC_SEDE_PARQUE_TURF_CLUB	Parque Turf Club	NEIGHBORHOOD_OR_LOCALITY	3301009	CG_DIST_SEDE	POLYGON_OFFICIAL
CG_LOC_SEDE_JARDIM_FLAMBOYANT_I	Jardim Flamboyant I	NEIGHBORHOOD_OR_LOCALITY	3301009	CG_DIST_SEDE	POLYGON_OFFICIAL
CG_LOC_SEDE_JARDIM_FLAMBOYANT_II	Jardim Flamboyant II	NEIGHBORHOOD_OR_LOCALITY	3301009	CG_DIST_SEDE	POLYGON_OFFICIAL
CG_LOC_SEDE_PARQUE_JOSE_DO_PATROCINIO	Parque José do Patrocínio	NEIGHBORHOOD_OR_LOCALITY	3301009	CG_DIST_SEDE	POLYGON_OFFICIAL
CG_LOC_SEDE_PARQUE_VISTA_ALEGRE	Parque Vista Alegre	NEIGHBORHOOD_OR_LOCALITY	3301009	CG_DIST_SEDE	POLYGON_OFFICIAL
CG_LOC_SEDE_PARQUE_BENTA_PEREIRA	Parque Benta Pereira	NEIGHBORHOOD_OR_LOCALITY	3301009	CG_DIST_SEDE	POLYGON_OFFICIAL
CG_LOC_SEDE_PARQUE_JOCKEY_CLUB	Parque Jockey Club	NEIGHBORHOOD_OR_LOCALITY	3301009	CG_DIST_SEDE	POLYGON_OFFICIAL
CG_LOC_SEDE_PARQUE_DO_PRADO	Parque do Prado	NEIGHBORHOOD_OR_LOCALITY	3301009	CG_DIST_SEDE	POLYGON_OFFICIAL
CG_LOC_SEDE_PARQUE_BELA_VISTA	Parque Bela Vista	NEIGHBORHOOD_OR_LOCALITY	3301009	CG_DIST_SEDE	POLYGON_OFFICIAL
CG_LOC_SEDE_PARQUE_NITEROI	Parque Niterói	NEIGHBORHOOD_OR_LOCALITY	3301009	CG_DIST_SEDE	POLYGON_OFFICIAL
CG_LOC_SEDE_PARQUE_PRESIDENTE_VARGAS	Parque Presidente Vargas	NEIGHBORHOOD_OR_LOCALITY	3301009	CG_DIST_SEDE	POLYGON_OFFICIAL
CG_LOC_SEDE_PARQUE_ZUZA_MOTA	Parque Zuza Mota	NEIGHBORHOOD_OR_LOCALITY	3301009	CG_DIST_SEDE	POLYGON_OFFICIAL
CG_LOC_SEDE_PARQUE_BARAO_DO_RIO_BRANCO	Parque Barão do Rio Branco	NEIGHBORHOOD_OR_LOCALITY	3301009	CG_DIST_SEDE	POLYGON_OFFICIAL
CG_LOC_SEDE_PARQUE_SAO_DOMINGOS	Parque São Domingos	NEIGHBORHOOD_OR_LOCALITY	3301009	CG_DIST_SEDE	POLYGON_OFFICIAL
CG_LOC_SEDE_JARDIM_GUARUS	Jardim Guarus	NEIGHBORHOOD_OR_LOCALITY	3301009	CG_DIST_SEDE	POLYGON_OFFICIAL
CG_LOC_SEDE_JARDIM_CARIOCA	Jardim Carioca	NEIGHBORHOOD_OR_LOCALITY	3301009	CG_DIST_SEDE	POLYGON_OFFICIAL
CG_LOC_SEDE_PARQUE_BANDEIRANTES	Parque Bandeirantes	NEIGHBORHOOD_OR_LOCALITY	3301009	CG_DIST_SEDE	POLYGON_OFFICIAL
CG_LOC_SEDE_PARQUE_SANTO_ANTONIO	Parque Santo Antônio	NEIGHBORHOOD_OR_LOCALITY	3301009	CG_DIST_SEDE	POLYGON_OFFICIAL
CG_LOC_SEDE_PARQUE_VERA_CRUZ	Parque Vera Cruz	NEIGHBORHOOD_OR_LOCALITY	3301009	CG_DIST_SEDE	POLYGON_OFFICIAL
CG_LOC_SEDE_PARQUE_PRAZERES	Parque Prazeres	NEIGHBORHOOD_OR_LOCALITY	3301009	CG_DIST_SEDE	POLYGON_OFFICIAL
CG_LOC_SEDE_PARQUE_GUARUS	Parque Guarus	NEIGHBORHOOD_OR_LOCALITY	3301009	CG_DIST_SEDE	POLYGON_OFFICIAL
CG_LOC_SEDE_PARQUE_FUNDAO	Parque Fundão	NEIGHBORHOOD_OR_LOCALITY	3301009	CG_DIST_SEDE	POLYGON_OFFICIAL
CG_LOC_SEDE_PARQUE_CIDADE_LUZ	Parque Cidade Luz	NEIGHBORHOOD_OR_LOCALITY	3301009	CG_DIST_SEDE	POLYGON_OFFICIAL
CG_LOC_SEDE_PARQUE_SAO_JOSE	Parque São José	NEIGHBORHOOD_OR_LOCALITY	3301009	CG_DIST_SEDE	POLYGON_OFFICIAL
CG_LOC_SEDE_PARQUE_ALVORADA	Parque Alvorada	NEIGHBORHOOD_OR_LOCALITY	3301009	CG_DIST_SEDE	POLYGON_OFFICIAL
CG_LOC_SEDE_PARQUE_BONSUCESSO	Parque Bonsucesso	NEIGHBORHOOD_OR_LOCALITY	3301009	CG_DIST_SEDE	POLYGON_OFFICIAL
CG_LOC_SEDE_PARQUE_VICENTE_GONCALVES_DIAS	Parque Vicente Gonçalves Dias	NEIGHBORHOOD_OR_LOCALITY	3301009	CG_DIST_SEDE	POLYGON_OFFICIAL
CG_LOC_SEDE_PARQUE_NOVO_MUNDO	Parque Novo Mundo	NEIGHBORHOOD_OR_LOCALITY	3301009	CG_DIST_SEDE	POLYGON_OFFICIAL
CG_LOC_SEDE_JARDIM_RESIDENCIAL_PLANICIE	Jardim Residencial Planície	NEIGHBORHOOD_OR_LOCALITY	3301009	CG_DIST_SEDE	POLYGON_OFFICIAL
CG_LOC_SEDE_PARQUE_SANTA_ROSA	Parque Santa Rosa	NEIGHBORHOOD_OR_LOCALITY	3301009	CG_DIST_SEDE	POLYGON_OFFICIAL
CG_LOC_SEDE_PARQUE_ELDORADO	Parque Eldorado	NEIGHBORHOOD_OR_LOCALITY	3301009	CG_DIST_SEDE	POLYGON_OFFICIAL
CG_LOC_SEDE_PARQUE_SAO_SILVESTRE	Parque São Silvestre	NEIGHBORHOOD_OR_LOCALITY	3301009	CG_DIST_SEDE	POLYGON_OFFICIAL
CG_LOC_SEDE_VILA_INDUSTRIAL	Vila Industrial	NEIGHBORHOOD_OR_LOCALITY	3301009	CG_DIST_SEDE	POLYGON_OFFICIAL
